id,dropbox_id,weight,cool,is_big,show,prob
1,220201,730,1,,2,0.075
2,220301,835,,,3,0.08125
3,220301,835,,,3,0.08125
4,220401,1040,,,4,0.1
5,220401,1040,,,4,0.1
6,220401,1040,,,4,0.1
7,220401,1040,,,4,0.1
8,220401,1040,,,4,0.1
9,220301,835,,,3,0.08125
10,220301,835,,,3,0.08125
11,220201,730,1,,2,0.075
12,220101,,1,1,1,0.025
