id,comfort,award
1,0,1#5.78704|2#0.00116|14#0.00695
2,100,1#17.36112|2#0.00232|14#0.00926
3,200,1#40.50926|2#0.00348|14#0.01274
4,300,1#75.23148|2#0.00463|14#0.01737
5,400,1#115.7404|2#0.00579|14#0.02315
6,600,1#173.6111|2#0.00724|14#0.03473
7,800,1#231.4815|2#0.00868|14#0.0463
8,999999,1#231.4815|2#0.00868|14#0.0463
