{
    "gem": 1,
    "gold": 1.282051282051282e-05,
    "juice": 1.9230769230769228e-05,
    "bento": 0.02564102564102564,
    "chisel": 0.01282051282051282,
    "custom_box_15k": 384.6153846153846,
    "cap_blue": 0.641025641025641,
    "cap_purple": 130,
    "seal": 325.0,
    "rune": 65.0,
    "girlbox_n": 2340.0,
    "girlbox_ad": 5200.0,
    "antique_box_n": 1170.0,
    "antique_shard_orange": 4.68,
    "antique_shard_red": 0,
    "lucky_crystal": 14.625,
    "shard_3": 0.3205128205128205,
    "shard_4": 1.1235955056179776,
    "shard_5": 5.906078939786806,
    "girlbox_useless": 295.30394698934026,
    "skin": 1000,
    "skin_useless": 50,
    "shard_4_ad": 2.247191011235955,
    "shard_5_ad": 11.299337366753099,
    "shard_5_elite": 7.132896571593201,
    "shard_5_elite_ad": 20.569403630077787,
    "lunar_badge": 0.05944080476327667,
    "solar_badge": 0.08570584845865745,
    "portfolio": 0.156,
    "doll_6_n": 1837.2082973206573,
    "doll_6_ad": 3455.1858254105446,
    "doll_9": 8500.561797752809,
    "doll_10": 19589.196197061367,
    "gear_set_5": 1634.6153846153845,
    "gear_set_6": 4903.846153846153,
    "gear_set_4": 544.8717948717948,
    "gear_set_3": 181.6239316239316,
    "gear_set_2": 60.54131054131054,
    "gear_set_1": 20.18043684710351,
    "class_gear_set": 9750.0,
    "antique_p2w": 14625.0,
    "elementium": 9.451639344262295,
    "ticket_yellow": 22.12787070156695,
    "ticket_purple": 82.3620385479689,
    "ticket_league": 0.641025641025641,
    "intern_1": 2.6564102564102563,
    "intern_2": 4.193589743589744,
    "intern_3": 10.538461538461538,
    "intern_4": 36.91366577946237,
    "intern_5": 47.10366866047649,
    "intern_6": 103.5507321233074,
    "intern_7": 215.6339658599827,
    "intern": 15.029351946043848,
    "scroll_green": 11.996472660816046,
    "scroll_purple": 48.71916743349687,
    "crystal_purple": 3.58974358974359,
    "cookie_yellow": 0.01923076923076923,
    "cookie_blue": 0.15384615384615383,
    "floppy_disk": 0,
    "usb_disk": 0.75,
    "bread": 2,
    "wood": 0,
    "crystal_blue": 0.35897435897435903,
    "chest_1": 3.2213771247479115,
    "chest_2": 5.201865456640738,
    "chest_3": 10.043700351631776,
    "chest_4": 26.32121480234324,
    "chest_5": 71.35923299586581,
    "chest_6": 120.69258420567087,
    "new_chest": 40.18116534026031,
    "scratch_card": 65.53198609537483,
    "jigsaw": 33.540418807068896
}