{
    "gem": 1,
    "gold": 1.4285714285714285e-05,
    "juice": 2.1428571428571428e-05,
    "bento": 0.02857142857142857,
    "chisel": 0.01714285714285714,
    "custom_box_15k": 428.57142857142856,
    "cap_blue": 0.7142857142857142,
    "cap_purple": 130,
    "seal": 325.0,
    "rune": 78.0,
    "girlbox_n": 3510.0,
    "girlbox_ad": 6240.0,
    "antique_box_n": 2106.0,
    "antique_shard_orange": 8.424000000000001,
    "antique_shard_red": 0,
    "lucky_crystal": 26.325,
    "shard_3": 0.3571428571428571,
    "shard_4": 1.1235955056179776,
    "shard_5": 5.964686998394864,
    "girlbox_useless": 298.2343499197432,
    "skin": 1000,
    "skin_useless": 50,
    "shard_4_ad": 2.247191011235955,
    "shard_5_ad": 11.357945425361157,
    "shard_5_elite": 9.17645264847512,
    "shard_5_elite_ad": 34.04635634028892,
    "lunar_badge": 0.07647043873729267,
    "solar_badge": 0.14185981808453718,
    "portfolio": 0.5014285714285714,
    "doll_6_n": 1862.2632423756022,
    "doll_6_ad": 3480.2407704654897,
    "doll_9": 8609.133226324238,
    "doll_10": 19855.56982343499,
    "gear_set_5": 1678.5714285714284,
    "gear_set_6": 5035.714285714285,
    "gear_set_4": 559.5238095238095,
    "gear_set_3": 186.5079365079365,
    "gear_set_2": 62.16931216931217,
    "gear_set_1": 20.72310405643739,
    "class_gear_set": 11700.0,
    "antique_p2w": 11700.0,
    "elementium": 7.054098360655738,
    "ticket_yellow": 25,
    "ticket_purple": 91.41849393258428,
    "ticket_yellow_real": 23.40397343910885,
    "ticket_league": 0.7142857142857142,
    "intern_1": 2.6857142857142855,
    "intern_2": 4.307142857142857,
    "intern_3": 10.714285714285714,
    "intern_4": 37.29117174959872,
    "intern_5": 47.6029695024077,
    "intern_6": 106.28325682182985,
    "intern_7": 222.75009831460673,
    "intern": 15.24643180176565,
    "scroll_green": 12.162482343499198,
    "scroll_purple": 49.4389254494382,
    "crystal_purple": 2.3999999999999995,
    "cookie_yellow": 0.025714285714285707,
    "cookie_blue": 0.20571428571428568,
    "floppy_disk": 0,
    "usb_disk": 0.7,
    "bread": 2,
    "wood": 0.06666666666666667,
    "crystal_blue": 0.7999999999999998,
    "chest_1": 5.755325842696628,
    "chest_2": 10.13733065810594,
    "chest_3": 17.58017335473515,
    "chest_4": 36.984501177046546,
    "chest_5": 84.80142269598716,
    "chest_6": 137.1900808661316,
    "new_chest": 53.55351078284109,
    "scratch_card": 69.56364882653892
}