{
    "gem": 1,
    "gold": 1.25e-05,
    "juice": 1.8750000000000002e-05,
    "bento": 0.025,
    "chisel": 0.0125,
    "custom_box_15k": 375.0,
    "cap_blue": 0.625,
    "cap_purple": 130,
    "seal": 325.0,
    "rune": 65.0,
    "girlbox_n": 2340.0,
    "girlbox_ad": 5200.0,
    "antique_box_n": 1170.0,
    "antique_shard_orange": 4.68,
    "antique_shard_red": 0,
    "lucky_crystal": 14.625,
    "shard_3": 0.3125,
    "shard_4": 1.1235955056179776,
    "shard_5": 5.893258426966293,
    "girlbox_useless": 294.6629213483146,
    "skin": 1000,
    "skin_useless": 50,
    "shard_4_ad": 2.247191011235955,
    "shard_5_ad": 11.286516853932586,
    "shard_5_elite": 7.120460674157304,
    "shard_5_elite_ad": 20.55786516853933,
    "lunar_badge": 0.0593371722846442,
    "solar_badge": 0.08565777153558055,
    "elite_badge": 534.0345505617978,
    "portfolio": 0.156,
    "doll_6_n": 1831.727528089888,
    "doll_6_ad": 3449.705056179776,
    "doll_9": 8476.81179775281,
    "doll_10": 19530.926966292136,
    "gear_set_5": 1625.0,
    "gear_set_6": 4875.0,
    "gear_set_4": 541.6666666666666,
    "gear_set_3": 180.55555555555554,
    "gear_set_2": 60.18518518518518,
    "gear_set_1": 20.061728395061728,
    "class_gear_set": 9750.0,
    "antique_p2w": 14625.0,
    "elementium": 9.451639344262295,
    "ticket_yellow": 22.032186851851854,
    "ticket_purple": 82.00665393258427,
    "ticket_league": 0.625,
    "intern_1": 2.65,
    "intern_2": 4.16875,
    "intern_3": 10.5,
    "intern_4": 36.89528329192676,
    "intern_5": 47.06958104473575,
    "intern_6": 103.53674494382022,
    "intern_7": 215.58632162921347,
    "intern": 15.006361570064504,
    "scroll_green": 11.971713492546817,
    "scroll_purple": 48.69501058778819,
    "crystal_purple": 3.5,
    "cookie_yellow": 0.01875,
    "cookie_blue": 0.15,
    "floppy_disk": 0,
    "usb_disk": 0.75,
    "bread": 2,
    "wood": 0,
    "crystal_blue": 0.35000000000000003,
    "chest_1": 3.154325842696629,
    "chest_2": 5.090919943820225,
    "chest_3": 9.913106325634626,
    "chest_4": 26.103387165104994,
    "chest_5": 70.9569019875111,
    "chest_6": 120.17814548364095,
    "new_chest": 39.80615841482174,
    "scratch_card": 112.4743271216463,
    "jigsaw": 33.48900065177705
}